Timestamp,CPU_Load,Freq0_MHz,Freq7_MHz,RAM_Used_MB,Temp_C,Battery_Perc,Voltage_mV
22:01:04,9,2208,1689,3300,31,100,4249
22:01:05,9,1401,1689,3300,31,100,4249
22:01:07,9,2208,1401,3300,31,100,4249
22:01:08,9,2208,1689,3300,31,100,4249
22:01:09,9,2208,1689,3300,31,100,4249
22:01:11,9,2208,1401,3301,31,100,4249
22:01:12,9,2208,1958,3301,31,100,4249
22:01:13,9,2208,2208,3301,31,100,4249
22:01:15,9,2208,1401,3301,31,100,4249
22:01:16,9,2208,1401,3301,31,100,4249
22:01:17,9,2208,1401,3301,31,100,4249
22:01:19,9,2208,2208,3301,31,100,4249
22:01:20,9,2208,1689,3301,31,100,4249
22:01:21,9,2208,1689,3301,32,100,4249
22:01:23,9,2208,1401,3301,32,100,4249
22:01:24,9,1804,1804,3302,32,100,4249
22:01:25,9,2208,1958,3302,32,100,4249
22:01:26,9,2208,1804,3301,32,100,4248
22:01:28,9,2208,1958,3302,32,100,4248
22:01:29,9,652,2208,3301,32,100,4248
22:01:31,9,2208,1401,3302,32,100,4248
22:01:32,9,2208,1958,3302,32,100,4248
22:01:33,9,2208,1689,3301,32,100,4248
22:01:34,9,2208,1958,3301,32,100,4248
22:01:36,9,2208,1804,3301,32,100,4248
22:01:37,9,2208,1958,3302,32,100,4249
22:01:38,9,2208,1401,3301,32,100,4249
22:01:40,9,2208,1401,3302,32,100,4249
22:01:41,9,2208,1689,3302,32,100,4249
22:01:42,9,2208,1401,3302,32,100,4249
22:01:44,9,2208,1958,3302,32,100,4249
22:01:45,9,2208,2208,3302,32,100,4249
22:01:46,9,2208,1401,3302,32,100,4248
22:01:48,9,2208,1689,3302,32,100,4248
22:01:49,9,2208,1689,3302,32,100,4248
22:01:50,9,2208,1401,3302,32,100,4248
22:01:52,9,2208,1804,3302,32,100,4248
22:01:53,9,2208,1401,3302,32,100,4248
22:01:54,9,2208,1958,3300,32,100,4248
22:01:56,9,2208,1401,3300,32,100,4248
22:01:57,9,2208,1958,3300,32,100,4249
22:01:58,9,2208,1689,3301,32,100,4249
22:02:00,9,2208,1401,3301,32,100,4249
22:02:01,9,2208,1401,3301,32,100,4249
22:02:02,9,2208,1958,3301,32,100,4249
22:02:04,9,1401,1401,3306,32,100,4249
22:02:05,9,1401,1401,3307,32,100,4249
22:02:06,9,2208,2208,3312,32,100,4249
22:02:07,9,2208,2208,3374,32,100,4132
22:02:09,9,2208,2208,3379,32,100,4132
22:02:10,9,2208,2208,3424,33,100,4132
22:02:11,9,2208,2208,3448,33,100,4132
22:02:12,9,2208,2208,3423,33,100,4132
22:02:14,9,2208,1689,3438,33,100,4132
22:02:15,9,2208,2208,3437,34,100,4132
22:02:16,9,1401,1401,3438,34,100,4132
22:02:17,9,1401,2208,3437,34,100,4249
22:02:19,9,2208,2208,3438,34,100,4249
22:02:20,9,2208,2208,3442,33,100,4249
22:02:21,9,1401,1804,3446,34,100,4249
22:02:22,9,2208,2208,3456,34,100,4249
22:02:24,9,2208,2208,3453,34,100,4249
22:02:25,9,1401,1401,3453,34,100,4249
22:02:26,9,1401,1401,3453,34,100,4249
22:02:27,9,2208,2208,3461,34,100,4185
22:02:29,9,2208,2208,3447,34,100,4185
22:02:30,9,2208,2208,3376,34,100,4185
22:02:31,9,1401,1401,3366,35,100,4185
22:02:33,9,2208,1804,3366,35,100,4185
22:02:34,9,1401,1689,3369,35,100,4185
22:02:35,9,2208,2208,3490,35,100,4185
22:02:37,9,2208,2208,3488,36,100,4185
22:02:38,9,2208,2208,3492,36,100,4185
22:02:40,9,2208,2208,3488,37,100,4185
22:02:41,9,2208,2208,3487,37,100,4185
22:02:42,9,2208,2208,3485,38,100,4185
22:02:43,9,2208,2208,3486,38,100,4185
22:02:45,9,2208,2208,3485,38,100,4185
22:02:46,9,2208,2208,3480,38,100,4185
22:02:47,9,2208,2208,3477,38,100,4185
22:02:48,9,2208,2208,3484,37,100,4185
22:02:50,9,2208,2208,3482,37,100,4185
22:02:51,9,2208,2208,3473,37,100,4185
22:02:52,9,2208,2208,3455,37,100,4185
22:02:54,9,2208,2208,3454,37,100,4185
22:02:55,9,2208,2208,3458,37,100,4185
22:02:56,9,2208,2208,3464,37,100,4185
22:02:57,9,1958,1958,3457,37,100,4101
22:02:59,9,2208,2208,3449,37,100,4101
22:03:00,9,2208,2208,3444,37,100,4101
22:03:01,9,2208,2208,3463,37,100,4101
22:03:02,9,2208,2208,3400,37,100,4101
22:03:04,9,2208,2208,3391,37,100,4101
22:03:05,9,2208,2208,3390,37,100,4101
22:03:06,9,2208,2208,3424,37,100,4101
22:03:08,9,2208,1689,3425,37,100,4249
22:03:09,9,2208,2208,3433,37,100,4249
22:03:10,9,2208,2208,3435,37,100,4249
22:03:11,9,1401,1401,3434,37,100,4249
22:03:13,9,2208,2208,3433,37,100,4249
22:03:14,9,2208,2208,3432,37,100,4249
22:03:15,9,2208,2208,3433,37,100,4249
22:03:16,9,1401,1401,3433,37,100,4249
22:03:18,9,1401,1401,3434,36,100,4247
22:03:19,9,2208,2208,3428,36,100,4247
22:03:20,9,1689,1401,3446,36,100,4247
22:03:21,9,2208,2208,3476,37,100,4247
22:03:23,9,2208,2208,3482,37,100,4247
22:03:24,9,2208,2208,3486,37,100,4247
22:03:25,9,2208,2208,3505,38,100,4247
22:03:27,10,1689,1689,3487,38,100,4247
22:03:28,10,2208,2208,3486,38,100,4146
22:03:29,10,2208,2208,3428,38,100,4146
22:03:31,10,2208,1689,3452,38,100,4146
22:03:32,10,2208,2208,3486,38,100,4146
22:03:33,10,2208,2208,3460,39,100,4146
22:03:34,10,2208,2208,3469,39,100,4146
22:03:36,10,1401,1401,3470,39,100,4146
22:03:37,10,1401,1401,3465,39,100,4146
22:03:38,10,2208,2208,3444,38,100,4227
22:03:39,10,2208,2208,3454,38,100,4227
22:03:41,10,2208,2208,3471,38,100,4227
22:03:42,10,2208,2208,3473,38,100,4227
22:03:43,10,2208,2208,3457,38,100,4227
22:03:44,10,2208,2208,3458,38,100,4227
22:03:46,10,2208,2208,3448,38,100,4227
22:03:47,10,2208,2208,3457,39,100,4227
22:03:48,10,2208,1689,3458,39,100,4184
22:03:49,10,2208,2208,3461,38,100,4184
22:03:51,10,2208,2208,3486,39,100,4184
22:03:52,10,2208,2208,3487,39,100,4184
22:03:53,10,2208,2208,3478,39,100,4184
22:03:55,10,2208,2208,3475,39,100,4184
22:03:56,10,2208,2208,3467,40,100,4184
22:03:57,10,2208,2208,3461,40,100,3982
22:03:58,10,1401,1401,3468,40,100,3982
22:04:00,10,1401,1689,3470,40,100,3982
22:04:01,10,2208,2208,3472,40,100,3982
22:04:02,10,2208,2208,3469,39,100,3982
22:04:03,10,2208,2208,3475,39,100,3982
22:04:05,10,2208,2208,3481,39,100,3982
22:04:06,10,2208,2208,3484,39,100,3982
22:04:07,10,2208,2208,3483,39,100,4255
22:04:09,10,2208,2208,3480,39,100,4255
22:04:10,10,2208,2208,3481,38,100,4255
22:04:11,10,2208,2208,3480,38,100,4255
22:04:12,10,2208,2208,3484,38,100,4255
22:04:14,10,2208,2208,3474,38,100,4255
22:04:15,10,2208,2208,3452,38,100,4255
22:04:16,10,2208,2208,3470,38,100,4255
22:04:17,10,2208,2208,3481,38,100,4163
22:04:19,10,2208,2208,3457,38,100,4163
22:04:20,10,2208,2208,3460,38,100,4163
22:04:21,10,1401,1401,3452,38,100,4163
22:04:22,10,2208,2208,3453,38,100,4163
22:04:24,10,1401,2208,3452,38,100,4163
22:04:25,10,1401,1401,3452,38,100,4163
22:04:26,10,1401,1804,3452,38,100,4163
22:04:27,10,2208,2208,3452,38,100,4187
22:04:29,10,2016,2208,3453,38,100,4187
22:04:30,10,2208,2208,3440,38,100,4187
22:04:31,10,2208,2208,3441,38,100,4187
22:04:32,10,1401,1401,3436,38,100,4187
22:04:34,10,2208,2208,3434,38,100,4187
22:04:35,10,2208,2208,3435,38,100,4187
22:04:36,10,2208,2208,3441,38,100,4187
22:04:38,10,2208,2208,3488,38,100,4241
22:04:39,10,2208,2208,3487,38,100,4241
22:04:40,10,2208,1958,3484,38,100,4241
22:04:41,10,2208,2208,3468,39,100,4241
22:04:43,10,1689,2208,3472,39,100,4241
22:04:44,10,2208,2208,3472,39,100,4241
22:04:45,10,2208,2208,3409,39,100,4241
22:04:46,10,2208,2208,3400,39,100,4241
22:04:48,10,2208,2208,3399,39,100,4256
22:04:49,10,2208,2208,3401,39,100,4256
22:04:50,10,2208,2208,3402,39,100,4256
22:04:52,10,2208,2208,3403,38,100,4256
22:04:53,10,2208,2208,3404,38,100,4256
22:04:54,10,2208,2208,3407,38,100,4256
22:04:55,10,2150,2150,3407,38,100,4256
22:04:57,10,2208,2208,3404,38,100,4256
22:04:58,10,2208,2208,3407,38,100,4255
22:04:59,10,2208,2208,3412,37,100,4255
22:05:00,10,2150,2150,3413,37,100,4255
22:05:02,10,2150,2150,3413,37,100,4255
22:05:03,10,2150,2150,3415,37,100,4255
22:05:04,10,2208,2208,3424,37,100,4255
22:05:05,10,2208,2208,3418,37,100,4255
22:05:07,10,2208,2208,3418,37,100,4255
22:05:08,10,2208,2208,3418,37,100,4254
22:05:09,10,2208,2208,3418,37,100,4254
22:05:10,10,2208,2016,3419,37,100,4254
22:05:12,10,1401,1401,3420,37,100,4254
22:05:13,10,2208,2208,3421,37,100,4254
22:05:14,10,2208,2208,3425,38,100,4254
22:05:16,10,2208,2208,3425,38,100,4254
22:05:17,10,2208,2208,3426,38,100,4254
22:05:18,10,2208,2208,3426,38,100,4253
22:05:19,10,2208,2208,3429,38,100,4253
22:05:21,10,2208,1401,3434,38,100,4253
22:05:22,10,2208,2208,3445,38,100,4253
22:05:23,10,2208,2208,3447,38,100,4253
22:05:24,10,2208,2016,3451,38,100,4253
22:05:26,10,2208,2208,3451,38,100,4253
22:05:27,10,2208,2208,3451,38,100,4253
22:05:28,10,2208,2208,3453,38,100,4252
22:05:30,10,2208,2208,3456,38,100,4252
22:05:31,10,2208,1958,3460,38,100,4252
22:05:32,10,2208,2208,3459,38,100,4252
22:05:33,10,2208,2208,3459,38,100,4252
22:05:35,10,2208,2208,3462,38,100,4252
22:05:36,10,2208,2208,3465,38,100,4252
22:05:37,10,2208,2208,3477,38,100,4252
22:05:38,10,2208,2208,3451,38,100,4252
22:05:40,10,2208,2208,3450,38,100,4252
22:05:41,10,2208,2208,3450,38,100,4252
22:05:42,10,2208,2208,3470,38,100,4252
22:05:44,10,1958,1958,3472,38,100,4252
22:05:45,10,2208,1401,3474,38,100,4252
22:05:46,10,1401,1401,3474,38,100,4252
22:05:47,10,2208,2208,3478,38,100,4252
22:05:49,10,1401,2208,3479,38,100,4247
22:05:50,10,2208,2208,3480,38,100,4247
22:05:51,10,2208,2208,3484,38,100,4247
22:05:52,10,1401,2208,3479,38,100,4247
22:05:54,10,2208,2208,3470,38,100,4247
22:05:55,10,1401,1401,3471,38,100,4247
22:05:56,10,2208,2208,3475,38,100,4247
22:05:57,10,1401,1401,3480,38,100,4247
22:05:59,10,1401,1401,3482,38,100,4235
22:06:00,10,1804,1804,3486,38,100,4235
22:06:01,10,2208,2208,3485,38,100,4235
22:06:03,10,2208,2208,3485,38,100,4235
22:06:04,10,1401,1401,3471,38,100,4235
22:06:05,10,2208,2208,3474,38,100,4235
22:06:06,10,2208,2208,3475,38,100,4235
22:06:08,10,2208,2208,3479,38,100,4235
22:06:09,10,1401,1401,3484,38,100,4235
22:06:10,10,2208,2208,3485,38,100,4235
22:06:12,10,1804,1689,3488,38,100,4235
22:06:13,10,2208,2208,3486,38,100,4235
22:06:14,10,1401,2208,3485,38,100,4235
22:06:15,10,2208,2208,3486,38,100,4235
22:06:17,10,2208,2208,3487,38,100,4235
22:06:18,10,2208,2208,3486,38,100,4235
22:06:19,10,2208,2208,3485,38,100,4235
22:06:20,10,2208,2208,3486,38,100,4235
22:06:22,10,2208,2208,3443,38,100,4235
22:06:23,10,2208,2208,3446,38,100,4235
22:06:24,10,2150,2150,3445,38,100,4235
22:06:25,10,2208,2208,3459,38,100,4235
22:06:27,10,2208,2208,3457,38,100,4235
22:06:28,10,2208,2208,3457,38,100,4235
22:06:29,10,2208,2208,3464,38,100,4132
22:06:31,10,2208,2208,3470,38,100,4132
22:06:32,10,2208,2208,3485,38,100,4132
22:06:33,10,2208,2208,3484,38,100,4132
22:06:34,10,2208,2208,3485,38,100,4132
22:06:36,10,2208,2208,3482,38,100,4132
22:06:37,10,2208,2208,3481,38,100,4132
22:06:38,10,2208,2208,3486,39,100,4099
22:06:39,10,1689,1689,3486,39,100,4099
22:06:41,10,1689,2208,3485,39,100,4099
22:06:42,10,2208,2208,3484,39,100,4099
22:06:43,10,2208,2208,3480,39,100,4099
22:06:44,10,2208,2208,3486,39,100,4099
22:06:46,10,2208,1689,3482,39,100,4099
22:06:47,10,2208,2208,3478,39,100,4099
22:06:48,10,2208,2208,3466,39,100,4166
22:06:50,10,2208,2208,3456,39,100,4166
22:06:51,10,2208,2208,3453,40,100,4166
22:06:52,10,2208,2208,3457,40,100,4166
22:06:53,10,2208,2208,3460,40,100,4166
22:06:55,10,2208,2208,3459,40,100,4166
22:06:56,10,2208,2208,3461,40,100,4166
22:06:57,10,2208,2208,3462,40,100,4166
22:06:58,10,2208,2208,3462,40,100,4181
22:07:00,10,2208,2208,3466,40,100,4181
22:07:01,10,2208,2208,3473,40,100,4181
22:07:02,10,2208,2208,3486,40,100,4181
22:07:04,10,2208,2208,3480,40,100,4181
22:07:05,10,2208,2208,3488,40,100,4181
22:07:06,10,2208,2208,3456,40,100,4181
22:07:07,10,2208,2208,3459,40,100,4181
22:07:09,10,2208,2208,3471,40,100,4206
22:07:10,10,2208,1689,3471,40,100,4206
22:07:11,10,2208,2208,3467,40,100,4206
22:07:12,10,2208,2208,3468,40,100,4206
22:07:14,10,2208,2208,3469,40,100,4206
22:07:15,10,2208,2208,3470,40,100,4206
22:07:16,10,2208,2208,3472,40,100,4206
22:07:18,10,2208,2208,3471,40,100,4206
22:07:19,10,2208,2208,3468,40,100,4249
22:07:20,10,2208,2208,3468,40,100,4249
22:07:21,10,2208,2208,3468,40,100,4249
22:07:23,10,2208,2208,3465,40,100,4249
22:07:24,10,2208,2208,3468,40,100,4249
22:07:25,10,2208,2208,3466,40,100,4249
22:07:26,10,2208,2150,3462,40,100,4249
22:07:28,10,2208,2208,3467,40,100,4249
22:07:29,10,2208,2208,3465,40,100,4225
22:07:30,10,2208,2208,3464,40,100,4225
22:07:31,10,2208,2208,3464,40,100,4225
22:07:33,10,2208,2208,3462,40,100,4225
22:07:34,10,2208,2208,3458,40,100,4225
22:07:35,10,2208,2208,3481,40,100,4225
22:07:36,10,2208,2208,3485,40,100,4225
22:07:38,10,2208,2208,3453,40,100,4225
22:07:39,10,2208,2208,3456,40,100,4172
22:07:40,10,2208,2208,3454,40,100,4172
22:07:42,10,2208,2208,3457,40,100,4172
22:07:43,10,2208,2208,3456,40,100,4172
22:07:44,10,2208,2208,3452,40,100,4172
22:07:45,10,2208,2208,3452,40,100,4172
22:07:47,10,2208,2208,3452,40,100,4172
22:07:48,10,2208,2208,3452,40,100,4172
22:07:49,10,1804,2208,3452,40,100,4244
22:07:50,10,2208,2208,3453,40,100,4244
22:07:52,10,2208,2208,3453,40,100,4244
22:07:53,10,2208,2208,3456,40,100,4244
22:07:54,10,2208,2208,3456,40,100,4244
22:07:56,10,2208,2208,3456,40,100,4244
22:07:57,10,2208,2208,3456,40,100,4244
22:07:58,10,2208,2208,3470,40,100,4244
22:07:59,10,2208,2208,3475,41,100,4171
22:08:01,10,2208,2208,3476,41,100,4171
22:08:02,10,2208,2208,3476,41,100,4171
22:08:03,10,2208,2208,3475,41,100,4171
22:08:04,10,2208,2208,3477,41,100,4171
22:08:06,10,2208,2208,3478,41,100,4171
22:08:07,10,2208,2208,3474,41,100,4171
22:08:08,10,2208,2208,3479,41,100,4171
22:08:09,10,2208,2208,3477,41,100,4216
22:08:11,10,2208,2208,3479,41,100,4216
22:08:12,10,2208,2208,3481,41,100,4216
22:08:13,10,2208,2208,3482,41,100,4216
22:08:15,10,2208,2208,3481,41,100,4216
22:08:16,10,2208,2208,3481,41,100,4216
22:08:17,10,2208,2208,3484,41,100,4216
22:08:18,10,2208,2208,3483,41,100,4216
22:08:20,10,2208,2208,3483,41,100,4253
22:08:21,10,2208,2208,3484,41,100,4253
22:08:22,10,2208,2208,3483,41,100,4253
22:08:23,10,2208,2208,3485,41,100,4253
22:08:25,10,2208,2208,3487,41,100,4253
22:08:26,10,2208,2208,3485,41,100,4253
22:08:27,10,2208,2208,3483,40,100,4253
22:08:28,10,2208,2208,3483,40,100,4253
22:08:30,10,2208,2208,3483,40,100,4254
22:08:31,10,2208,2208,3483,40,100,4254
22:08:32,10,1401,1401,3483,40,100,4254
22:08:34,10,2208,2208,3484,40,100,4254
22:08:35,10,2208,2150,3477,40,100,4254
22:08:36,10,2150,2150,3473,40,100,4254
22:08:37,10,2208,2208,3468,40,100,4254
22:08:39,10,2208,2208,3466,40,100,4254
22:08:40,10,2150,2150,3471,40,100,4143
22:08:41,10,2208,2208,3474,40,100,4143
22:08:42,10,2208,2208,3475,40,100,4143
22:08:44,10,2208,2208,3472,40,100,4143
22:08:45,10,2208,2208,3472,40,100,4143
22:08:46,10,1804,2208,3479,40,100,4143
22:08:47,10,2208,2208,3473,40,100,4143
22:08:49,10,2208,2208,3473,40,100,4143
22:08:50,10,2150,2150,3476,40,100,4188
22:08:51,10,2208,2208,3473,40,100,4188
22:08:52,10,2208,2208,3474,40,100,4188
22:08:54,10,2208,2208,3475,40,100,4188
22:08:55,10,2208,2208,3475,40,100,4188
22:08:56,10,2208,2208,3474,40,100,4188
22:08:58,10,2208,2208,3477,40,100,4188
22:08:59,10,2208,2208,3478,40,100,4188
22:09:00,10,2208,2208,3478,40,100,4253
22:09:01,10,2208,2208,3477,40,100,4253
22:09:03,10,2208,2208,3477,40,100,4253
22:09:04,10,2208,2208,3477,40,100,4253
22:09:05,10,2208,2208,3476,39,100,4253
22:09:06,10,2208,2208,3478,39,100,4253
22:09:08,10,2208,2208,3476,39,100,4253
22:09:09,10,2208,1401,3477,39,100,4253
22:09:10,10,2208,2208,3477,39,100,4254
22:09:11,10,2208,2208,3477,39,100,4254
22:09:13,10,2208,2208,3477,39,100,4254
22:09:14,10,2208,2208,3478,39,100,4254
22:09:15,10,2208,2208,3477,39,100,4254
22:09:17,10,2208,2208,3378,39,100,4254
22:09:18,10,2208,2208,3438,39,100,4254
22:09:19,10,2208,2208,3426,40,100,4259
22:09:21,10,1958,1958,3426,40,100,4259
22:09:22,10,2208,2208,3425,40,100,4259
22:09:23,10,2208,2208,3396,40,100,4259
22:09:25,10,2208,2208,3402,40,100,4259
22:09:26,10,2208,2208,3443,40,100,4259
22:09:27,10,2208,2208,3449,40,100,4259
22:09:29,10,2208,2208,3454,41,100,4259
22:09:30,10,2208,2208,3481,41,100,3957
22:09:31,10,2208,2208,3472,42,100,3957
22:09:33,10,2208,2208,3478,42,100,3957
22:09:34,10,2208,2208,3482,42,100,3957
22:09:36,10,2208,2208,3433,43,100,3957
22:09:37,10,2208,2208,3445,43,100,3957
22:09:38,10,2208,2208,3480,43,100,3957
22:09:40,10,2208,2208,3474,44,100,4000
22:09:41,10,2208,2208,3459,44,100,4000
22:09:43,10,2208,2208,3460,44,100,4000
22:09:44,10,2208,2208,3467,44,100,4000
22:09:45,10,2208,2208,3461,44,100,4000
22:09:47,10,2208,2208,3431,44,100,4000
22:09:48,10,2208,2208,3441,44,100,4000
22:09:50,10,2208,2208,3464,45,100,3962
22:09:51,10,2208,2208,3448,45,100,3962
22:09:52,10,2208,2208,3466,45,100,3962
22:09:54,11,2208,2208,3453,45,100,3962
22:09:55,11,2208,2208,3434,45,100,3962
22:09:57,11,2208,2208,3465,45,100,3962
22:09:59,11,2208,2208,3445,46,100,3962
22:10:00,11,2208,2208,3445,46,100,3850
22:10:01,11,2208,2208,3472,46,100,3850
22:10:03,11,2208,2208,3446,46,100,3850
22:10:04,11,2208,2208,3440,47,100,3850
22:10:05,11,2208,2208,3447,47,100,3850
22:10:07,11,2208,2208,3479,47,100,3850
22:10:08,11,2208,2208,3453,47,100,3850
22:10:10,11,2208,2208,3432,47,100,3758
22:10:11,11,2208,2208,3451,47,100,3758
22:10:12,11,2208,2208,3403,47,100,3758
22:10:14,11,2208,2208,3398,47,100,3758
22:10:15,11,2208,2208,3419,47,100,3758
22:10:16,11,2208,2208,3404,47,100,3758
22:10:18,11,2208,2208,3429,47,100,3758
22:10:19,11,2208,2208,3409,47,100,3758
22:10:21,11,2208,2208,3420,47,100,3999
22:10:22,11,2208,2208,3418,47,100,3999
22:10:23,11,2208,2208,3408,47,100,3999
22:10:25,11,2208,2208,3430,47,100,3999
22:10:26,11,2208,2208,3425,47,100,3999
22:10:28,11,2208,2208,3397,47,100,3999
22:10:29,11,2208,2208,3437,47,100,3999
22:10:30,11,2208,2208,3430,47,100,3919
22:10:32,11,2208,2208,3399,48,100,3919
22:10:33,11,2208,2208,3392,48,100,3919
22:10:35,11,2208,2208,3427,48,100,3919
22:10:36,11,2208,2208,3412,48,100,3919
22:10:37,11,2208,2208,3412,48,100,3919
22:10:39,11,2208,2208,3412,48,100,3919
22:10:40,11,2208,2208,3424,48,100,3779
22:10:41,11,2208,2208,3421,48,100,3779
22:10:43,11,2208,2208,3421,48,100,3779
22:10:44,11,2208,2208,3476,48,100,3779
22:10:46,11,2208,2208,3416,48,100,3779
22:10:47,11,2208,2208,3415,48,100,3779
22:10:48,11,2208,2208,3413,48,100,3779
22:10:50,11,2208,2208,3456,48,100,3779
22:10:51,11,2208,2208,3441,48,100,3653
22:10:53,11,2208,2208,3470,48,100,3653
22:10:54,11,2208,2208,3421,48,100,3653
22:10:55,11,2208,2208,3428,48,100,3653
22:10:57,11,2208,2208,3422,48,100,3653
22:10:58,11,2208,2208,3439,48,100,3653
22:10:59,11,2208,2208,3430,48,100,3653
22:11:00,11,2150,2150,3414,48,100,3983
22:11:02,11,2208,2208,3413,48,100,3983
22:11:03,11,2208,2208,3416,48,100,3983
22:11:04,11,2208,2208,3430,48,100,3983
22:11:06,11,2208,2208,3413,48,100,3983
22:11:07,11,2208,2208,3420,48,100,3983
22:11:08,11,2208,2208,3419,48,100,3983
22:11:10,11,2208,2208,3428,48,100,3983
22:11:11,11,2208,2208,3439,48,100,4065
22:11:12,11,2208,2208,3440,48,100,4065
22:11:14,11,2208,2208,3459,48,100,4065
22:11:15,11,2208,2208,3447,48,100,4065
22:11:16,11,2208,2208,3464,48,100,4065
22:11:18,11,2208,2208,3461,48,100,4065
22:11:19,11,2208,2208,3429,48,100,4065
22:11:21,11,2208,2208,3407,48,100,4022
22:11:22,11,2208,2208,3408,48,100,4022
22:11:23,11,2208,2208,3434,48,100,4022
22:11:25,11,2208,2208,3481,48,100,4022
22:11:26,11,2208,2208,3463,48,100,4022
22:11:27,11,2208,2208,3445,48,100,4022
22:11:29,11,2208,2208,3449,48,100,4022
22:11:30,11,2208,2208,3442,48,100,4026
22:11:32,11,2208,2208,3447,49,100,4026
22:11:33,11,2208,2208,3476,49,100,4026
22:11:34,11,2208,2208,3441,49,100,4026
22:11:36,11,2208,2208,3459,49,100,4026
22:11:37,11,2208,2208,3433,49,100,4026
22:11:38,11,2208,2208,3435,49,100,4026
22:11:40,11,2208,2208,3429,49,100,4026
22:11:41,11,2208,2208,3449,49,100,4039
22:11:42,11,2208,2208,3424,49,100,4039
22:11:44,11,2208,2208,3415,49,100,4039
22:11:45,11,2208,2208,3445,49,100,4039
22:11:46,11,2208,2208,3452,49,100,4039
22:11:48,12,2208,2208,3451,49,100,4039
22:11:49,12,2208,1958,3449,49,100,4039
22:11:51,12,2208,2208,3450,49,100,4076
22:11:52,12,2208,2208,3452,49,100,4076
22:11:53,12,2208,2208,3477,49,100,4076
22:11:55,12,2208,2208,3468,49,100,4076
22:11:56,12,2208,2208,3453,49,100,4076
22:11:57,12,2208,2208,3446,49,100,4076
22:11:59,12,2208,1958,3445,49,100,4076
22:12:00,12,2208,2208,3474,49,100,4076
22:12:01,12,2208,2208,3459,49,100,3989
22:12:03,12,2208,2208,3464,49,100,3989
22:12:04,12,2208,2208,3464,49,100,3989
22:12:05,12,2208,2208,3446,49,100,3989
22:12:07,12,2208,2208,3456,49,100,3989
22:12:08,12,2208,2208,3484,49,100,3989
22:12:09,12,2208,2208,3464,49,100,3989
22:12:11,12,2208,2208,3476,48,100,4028
22:12:12,12,2208,2208,3483,48,100,4028
22:12:13,12,2208,2208,3479,48,100,4028
22:12:15,12,2208,2208,3464,49,100,4028
22:12:16,12,2208,2208,3463,49,100,4028
22:12:18,12,2208,2208,3472,49,100,4028
22:12:19,12,2208,2208,3455,49,100,4028
22:12:20,12,2208,2208,3464,49,100,4028
22:12:21,12,2208,2208,3455,49,100,4137
22:12:23,12,2208,2208,3445,49,100,4137
22:12:24,12,2208,2208,3451,49,100,4137
22:12:25,12,2208,2208,3463,49,100,4137
22:12:27,12,2208,2208,3465,49,100,4137
22:12:28,12,2208,2208,3479,49,100,4137
22:12:29,12,2208,2208,3485,49,100,4137
22:12:31,12,2208,2208,3420,49,100,3953
22:12:32,12,2208,2208,3425,49,100,3953
22:12:34,12,2208,2208,3411,49,100,3953
22:12:35,12,2208,2208,3420,49,100,3953
22:12:36,12,2208,2208,3435,49,100,3953
22:12:38,12,2208,2208,3453,49,100,3953
22:12:39,12,2208,2208,3451,49,100,3953
22:12:40,12,2208,2208,3428,49,100,3953
22:12:41,12,2208,2208,3453,49,100,3895
22:12:43,12,2208,2208,3468,49,100,3895
22:12:44,12,2208,2208,3444,49,100,3895
22:12:45,12,2208,2208,3445,50,100,3895
22:12:47,12,2208,2208,3422,50,100,3895
22:12:48,12,2208,2208,3433,50,100,3895
22:12:50,12,2208,2208,3446,50,100,3895
22:12:51,12,2208,2208,3429,50,100,3889
22:12:52,12,2208,2208,3441,50,100,3889
22:12:54,12,2208,2208,3453,50,100,3889
22:12:55,12,2208,2208,3412,50,100,3889
22:12:56,12,2208,2208,3435,50,100,3889
22:12:58,12,2208,2208,3444,50,100,3889
22:12:59,12,2208,2208,3425,50,100,3889
22:13:00,12,2208,2208,3458,50,100,3889
22:13:02,12,2208,2208,3456,50,100,3965
22:13:03,12,2208,2208,3457,50,100,3965
22:13:04,12,2208,2208,3447,50,100,3965
22:13:06,12,2208,2208,3473,50,100,3965
22:13:07,12,2208,2208,3481,50,100,3965
22:13:08,12,2208,2208,3472,50,100,3965
22:13:10,12,2208,2208,3442,50,100,3965
22:13:11,12,2208,2208,3448,50,100,3895
22:13:12,12,2208,2208,3474,50,100,3895
22:13:14,12,2208,2208,3482,50,100,3895
22:13:15,12,2208,2208,3431,50,100,3895
22:13:16,12,2208,2208,3416,50,100,3895
22:13:17,12,2016,2016,3398,49,100,3895
22:13:19,12,2208,2208,3408,49,100,3895
22:13:20,12,2208,2208,3415,49,100,3895
22:13:21,12,2208,2208,3222,48,100,4159
22:13:22,12,2208,2208,3150,48,100,4159
22:13:24,12,2150,2150,3112,48,100,4159
22:13:25,12,2208,2208,3112,48,100,4159
22:13:26,12,2208,2208,3113,47,100,4159
22:13:27,12,2208,2208,3114,47,100,4159
22:13:29,12,2208,2208,3120,47,100,4159
22:13:30,12,2150,2150,3121,46,100,4159
22:13:31,12,1401,1401,3122,46,100,4252
22:13:32,12,2208,2208,3141,46,100,4252
22:13:34,12,2208,2208,3142,46,100,4252
22:13:35,12,2208,2208,3142,46,100,4252
22:13:36,12,2208,2208,3142,45,100,4252
22:13:38,12,2208,2208,3143,45,100,4252
22:13:39,12,2208,2208,3143,45,100,4252
22:13:40,12,2208,2208,3143,45,100,4252
22:13:41,12,2208,2208,3146,44,100,4254
22:13:43,12,2208,2208,3227,44,100,4254
22:13:44,12,2208,2208,3265,45,100,4254
22:13:45,12,2208,2208,3265,45,100,4254
22:13:46,12,1401,1401,3268,45,100,4254
22:13:48,12,1401,1401,3253,44,100,4254
22:13:49,12,1401,1401,3253,44,100,4254
22:13:50,12,2208,2208,3253,44,100,4254
22:13:52,12,1401,1401,3256,44,100,4255
22:13:53,12,1401,1401,3256,44,100,4255
22:13:54,12,1401,1401,3256,43,100,4255
22:13:55,12,1401,1401,3256,43,100,4255
22:13:57,12,1401,1401,3256,43,100,4255
22:13:58,12,1401,1401,3257,43,100,4255
22:13:59,12,1401,1401,3257,43,100,4255
22:14:01,12,1401,1401,3257,43,100,4255
22:14:02,12,1401,1401,3257,43,100,4256
22:14:03,12,1401,1401,3257,42,100,4256
22:14:04,12,1401,1401,3255,42,100,4256
22:14:06,12,1401,1401,3255,42,100,4256
22:14:07,12,1401,1401,3255,42,100,4256
22:14:08,12,1401,2208,3255,42,100,4256
22:14:09,12,1401,1401,3255,42,100,4256
22:14:11,12,1401,1401,3240,42,100,4256
22:14:12,12,1401,1401,3240,42,100,4256
22:14:13,12,1401,2208,3240,42,100,4256
22:14:15,12,1401,1401,3225,41,100,4256
22:14:16,12,1401,1401,3225,41,100,4256
22:14:17,12,1401,1401,3225,41,100,4256
22:14:19,12,1401,1401,3225,41,100,4256
22:14:20,12,1401,1401,3225,41,100,4256
22:14:21,12,1401,1401,3225,41,100,4256
22:14:22,12,1401,2208,3225,41,100,4256
22:14:24,12,1401,1401,3224,41,100,4256
22:14:25,12,1401,1401,3224,41,100,4256
22:14:26,12,1401,2208,3224,41,100,4256
22:14:27,12,2208,2208,3224,41,100,4256
22:14:29,12,1401,2208,3224,41,100,4256
22:14:30,12,1401,1401,3224,41,100,4256
22:14:31,12,1401,1401,3224,40,100,4256
22:14:33,12,1401,1401,3225,40,100,4256
22:14:34,12,1401,1401,3224,40,100,4256
22:14:35,12,2208,2208,3224,40,100,4256
22:14:36,12,1401,1401,3224,40,100,4256
22:14:38,12,1401,1401,3224,40,100,4256
22:14:39,12,1401,1401,3224,40,100,4256
22:14:40,12,1401,1401,3225,40,100,4256
22:14:42,12,2208,2208,3225,40,100,4255
22:14:43,12,2208,2208,3224,40,100,4255
22:14:44,12,1401,1401,3224,40,100,4255
22:14:45,12,1401,1401,3224,40,100,4255
22:14:47,12,1401,1401,3224,40,100,4255
22:14:48,12,1401,1401,3224,40,100,4255
22:14:49,12,1401,1401,3225,40,100,4255
22:14:51,12,1401,1401,3225,40,100,4255
22:14:52,12,1401,1401,3224,40,100,4256
22:14:53,12,1401,1401,3224,40,100,4256
22:14:54,12,2208,2208,3224,40,100,4256
22:14:56,12,1401,1401,3224,40,100,4256
22:14:57,12,1401,1401,3224,39,100,4256
22:14:58,12,1401,1401,3224,39,100,4256
22:15:00,12,1401,1401,3224,39,100,4256
22:15:01,12,1401,1401,3224,39,100,4256
22:15:02,12,1401,1401,3224,39,100,4255
22:15:03,12,1401,1401,3224,39,100,4255
22:15:05,12,1401,1401,3224,39,100,4255
22:15:06,12,1401,1401,3224,39,100,4255
22:15:07,12,1401,1401,3224,39,100,4255
22:15:09,12,1401,1401,3224,39,100,4255
22:15:10,12,1401,1401,3224,39,100,4255
22:15:11,12,1401,1401,3224,39,100,4255
22:15:12,12,1401,1401,3223,39,100,4256
22:15:14,12,1401,1401,3224,39,100,4256
22:15:15,12,2208,2208,3224,39,100,4256
22:15:16,12,1401,1401,3224,39,100,4256
22:15:18,12,1401,1401,3224,39,100,4256
22:15:19,12,1401,1401,3224,39,100,4256
22:15:20,12,2208,2208,3224,39,100,4256
22:15:21,12,1401,1401,3224,39,100,4256
22:15:23,12,1401,2208,3224,39,100,4256
22:15:24,12,1401,1401,3224,39,100,4256
22:15:25,12,2208,2208,3224,39,100,4256
22:15:26,12,1401,2208,3225,39,100,4256
22:15:28,12,1401,1401,3226,39,100,4256
22:15:29,12,1401,1401,3226,39,100,4256
22:15:30,12,1401,2208,3226,39,100,4256
22:15:32,12,1401,1401,3226,39,100,4256
22:15:33,12,2208,2208,3226,39,100,4256
22:15:34,12,2208,2208,3226,39,100,4256
22:15:35,12,2208,2208,3226,39,100,4256
22:15:37,12,1401,1401,3226,39,100,4256
22:15:38,12,1401,1401,3224,39,100,4256
22:15:39,12,1401,1401,3224,38,100,4256
22:15:40,12,1401,1401,3225,38,100,4256
22:15:42,12,2208,2208,3225,38,100,4255
22:15:43,12,1401,1401,3225,38,100,4255
22:15:44,12,1401,1401,3225,38,100,4255
22:15:45,12,2208,2208,3225,38,100,4255
22:15:47,12,1401,1401,3225,38,100,4255
22:15:48,12,1401,1401,3225,38,100,4255
22:15:49,12,2208,2208,3225,38,100,4255
22:15:51,12,1401,1401,3225,38,100,4255
22:15:52,12,1401,1401,3225,38,100,4256
22:15:53,12,1401,1401,3225,38,100,4256
22:15:54,12,1401,1401,3225,38,100,4256
22:15:56,12,1401,2208,3225,38,100,4256
22:15:57,12,1401,1401,3226,38,100,4256
22:15:58,12,1401,1401,3225,38,100,4256
22:16:00,12,1401,1401,3225,38,100,4256
22:16:01,12,1401,2208,3226,38,100,4256
22:16:02,12,2208,2208,3226,38,100,4255
22:16:03,12,2208,2208,3226,38,100,4255
22:16:05,12,1401,1401,3225,38,100,4255
22:16:06,12,1401,1401,3226,38,100,4255
22:16:07,12,1401,1401,3225,38,100,4255
22:16:08,12,1401,1401,3226,38,100,4255
22:16:10,12,1401,1401,3226,38,100,4255
22:16:11,12,1401,1401,3226,38,100,4255
22:16:12,12,2208,2208,3226,38,100,4255
22:16:14,12,1401,1401,3226,38,100,4255
22:16:15,12,1401,1401,3226,38,100,4255
22:16:16,12,1401,1401,3226,38,100,4255
22:16:17,12,1401,1689,3226,38,100,4255
22:16:19,12,1401,2208,3226,38,100,4255
22:16:20,12,1401,1689,3226,38,100,4255
22:16:21,12,1401,1401,3226,38,100,4255
22:16:22,12,2208,2208,3226,38,100,4256
22:16:24,12,1401,1401,3226,38,100,4256
22:16:25,12,1401,1401,3226,38,100,4256
22:16:26,12,1401,1401,3228,38,100,4256
22:16:27,12,2208,2208,3228,38,100,4256
22:16:29,12,1401,1401,3228,38,100,4256
22:16:30,12,1401,1401,3228,38,100,4256
22:16:31,12,1401,1401,3228,38,100,4256
22:16:33,12,1401,1401,3228,38,100,4255
22:16:34,12,1401,1401,3228,38,100,4255
22:16:35,12,1401,1401,3227,37,100,4255
22:16:37,12,1401,1401,3228,37,100,4255
22:16:38,12,1401,1401,3228,37,100,4255
22:16:39,12,1401,1401,3228,37,100,4255
22:16:40,12,2208,2208,3228,37,100,4255
22:16:42,12,1401,1401,3228,37,100,4255
22:16:43,12,1401,1401,3228,37,100,4255
22:16:44,12,2208,2208,3228,37,100,4255
22:16:46,12,1401,1401,3228,37,100,4255
22:16:47,12,1401,1401,3228,37,100,4255
22:16:48,12,1401,1401,3228,37,100,4255
22:16:50,12,1401,1401,3228,37,100,4255
22:16:51,12,1401,1401,3228,37,100,4255
22:16:52,12,1401,1401,3228,37,100,4255
22:16:53,12,1401,1401,3228,37,100,4256
22:16:55,12,1401,1401,3228,37,100,4256
22:16:56,12,1401,1401,3228,37,100,4256
22:16:57,12,1401,1401,3228,37,100,4256
22:16:58,12,2208,2208,3228,37,100,4256
22:17:00,12,1401,1401,3228,37,100,4256
22:17:01,12,1401,1401,3228,37,100,4256
22:17:02,12,1401,1401,3228,37,100,4256
22:17:04,12,1401,1401,3228,37,100,4256
22:17:05,12,1401,1401,3228,37,100,4256
22:17:06,12,2208,2208,3228,37,100,4256
22:17:07,12,1401,1401,3228,37,100,4256
22:17:09,12,1401,1401,3228,37,100,4256
22:17:10,12,1401,1401,3228,37,100,4256
22:17:11,12,1401,1401,3228,37,100,4256
22:17:12,12,2208,2208,3229,37,100,4256
22:17:14,12,1401,1401,3229,37,100,4256
22:17:15,12,1401,1401,3230,37,100,4256
22:17:16,12,1401,1401,3230,37,100,4256
22:17:18,12,1401,2208,3231,37,100,4256
22:17:19,12,1401,1401,3234,37,100,4256
22:17:20,12,1401,1401,3236,37,100,4256
22:17:21,12,1804,2208,3236,37,100,4256
22:17:23,12,1401,1401,3235,37,100,4257
22:17:24,12,1401,1401,3236,37,100,4257
22:17:25,12,1401,1401,3236,37,100,4257
22:17:27,12,1401,1401,3235,37,100,4257
22:17:28,12,1401,1401,3238,37,100,4257
22:17:29,12,1401,1401,3239,37,100,4257
22:17:30,12,1401,1401,3238,37,100,4257
22:17:32,12,1401,1401,3239,37,100,4257
22:17:33,12,1401,1401,3239,37,100,4256
22:17:34,12,1401,1401,3239,37,100,4256
22:17:36,12,2208,2208,3239,37,100,4256
22:17:37,12,1401,1401,3239,37,100,4256
22:17:38,12,1401,1401,3239,37,100,4256
22:17:39,12,1401,1401,3239,37,100,4256
22:17:41,12,1401,1401,3239,37,100,4256
22:17:42,12,1401,1401,3239,37,100,4256
22:17:43,12,1401,1401,3239,37,100,4256
22:17:45,12,1401,2208,3239,37,100,4256
22:17:46,12,1401,1401,3239,37,100,4256
22:17:47,12,1401,1401,3239,37,100,4256
22:17:48,12,2208,2208,3238,37,100,4256
22:17:50,12,1401,2208,3238,37,100,4256
22:17:51,12,1401,1401,3239,37,100,4256
22:17:52,12,1401,1401,3238,37,100,4256
22:17:53,12,1401,1401,3238,37,100,4256
22:17:55,12,2208,2208,3238,37,100,4256
22:17:56,12,1401,1401,3238,37,100,4256
22:17:57,12,2208,1689,3238,37,100,4256
22:17:59,12,2208,2208,3238,37,100,4256
22:18:00,12,1401,1401,3238,37,100,4256
22:18:01,12,1401,1401,3238,37,100,4256
22:18:02,12,2208,2208,3238,37,100,4256
22:18:04,12,1401,1401,3238,37,100,4257
22:18:05,12,1401,1401,3238,37,100,4257
22:18:06,12,1401,1401,3238,36,100,4257
22:18:07,12,1401,1401,3238,36,100,4257
22:18:09,12,1401,1401,3238,36,100,4257
22:18:10,12,1401,1401,3238,36,100,4257
22:18:11,12,1401,1401,3238,36,100,4257
22:18:13,12,1401,1401,3238,36,100,4257
22:18:14,12,1401,1401,3239,36,100,4257
22:18:15,12,1401,1401,3239,36,100,4257
22:18:17,12,1401,1401,3239,36,100,4257
22:18:18,12,1401,1401,3238,36,100,4257
22:18:19,12,1401,1401,3238,36,100,4257
22:18:20,12,1401,2208,3239,36,100,4257
22:18:22,12,1401,1401,3239,36,100,4257
22:18:23,12,1401,2208,3239,36,100,4255
22:18:24,12,1401,1401,3239,36,100,4255
22:18:25,12,1401,1401,3239,36,100,4255
22:18:27,12,1401,1401,3239,36,100,4255
22:18:28,12,1401,1401,3239,36,100,4255
22:18:29,12,1401,1401,3239,36,100,4255
22:18:31,12,1401,1401,3239,36,100,4255
22:18:32,12,1401,1401,3239,36,100,4255
22:18:33,12,2208,2208,3239,36,100,4255
22:18:34,12,1401,1401,3239,36,100,4255
22:18:36,12,1401,1401,3239,36,100,4255
22:18:37,12,1401,1401,3239,36,100,4255
22:18:38,12,1401,1401,3239,36,100,4255
22:18:40,12,1401,1401,3239,36,100,4255
22:18:41,12,1401,2208,3239,36,100,4255
22:18:42,12,1401,2208,3239,36,100,4255
22:18:43,12,1401,1401,3237,36,100,4255
22:18:45,12,2208,1689,3237,36,100,4255
22:18:46,12,1401,1401,3237,36,100,4255
22:18:47,12,1401,1401,3237,36,100,4255
22:18:49,12,1401,1401,3237,36,100,4255
22:18:50,12,1401,1401,3237,36,100,4255
22:18:51,12,1401,1401,3237,36,100,4255
22:18:52,12,2208,2208,3237,36,100,4255
22:18:54,12,1401,1401,3237,36,100,4256
22:18:55,12,1401,1401,3237,36,100,4256
22:18:56,12,1401,1401,3237,36,100,4256
22:18:58,11,1401,2208,3237,36,100,4256
22:18:59,11,1401,2208,3237,36,100,4256
22:19:00,11,1401,2208,3237,36,100,4256
22:19:01,11,1401,1401,3237,36,100,4256
22:19:03,11,1401,1401,3237,36,100,4256
22:19:04,11,1401,1401,3238,36,100,4256
22:19:05,11,1401,1401,3237,36,100,4256
22:19:06,11,1401,1401,3237,36,100,4256
22:19:08,11,1401,1401,3237,36,100,4256
22:19:09,11,1401,1401,3237,36,100,4256
22:19:10,11,1401,1401,3238,36,100,4256
22:19:12,11,1401,1401,3238,36,100,4256
22:19:13,11,1401,1401,3238,36,100,4257
22:19:14,11,1401,1401,3238,36,100,4257
22:19:16,11,1401,1401,3238,36,100,4257
22:19:17,11,1401,1401,3238,36,100,4257
22:19:18,11,1401,2208,3237,36,100,4257
22:19:19,11,1401,2208,3238,36,100,4257
22:19:21,11,1401,1401,3238,36,100,4257
22:19:22,11,1401,1401,3237,36,100,4257
22:19:23,11,2208,2208,3238,36,100,4256
22:19:24,11,1401,1401,3237,36,100,4256
22:19:26,11,1401,1401,3238,36,100,4256
22:19:27,11,1401,1401,3238,36,100,4256
22:19:28,11,2208,2208,3238,36,100,4256
22:19:29,11,2208,2208,3238,36,100,4256
22:19:31,11,1401,1401,3238,36,100,4256
22:19:32,11,2208,2208,3238,36,100,4256
22:19:33,11,1401,2208,3238,36,100,4256
22:19:35,11,2208,2208,3238,36,100,4256
22:19:36,11,1401,1401,3238,36,100,4256
22:19:37,11,1401,2208,3238,36,100,4256
22:19:38,11,1401,2208,3221,36,100,4256
22:19:40,11,1401,2208,3221,36,100,4256
22:19:41,11,1401,1401,3222,36,100,4256
22:19:42,11,1401,1401,3222,36,100,4256
22:19:43,11,2208,2208,3221,36,100,4257
22:19:45,11,1401,1401,3221,36,100,4257
22:19:46,11,2208,2208,3221,36,100,4257
22:19:47,11,1401,1401,3221,36,100,4257
22:19:48,11,1401,1401,3221,36,100,4257
22:19:50,11,2208,2208,3222,36,100,4257
22:19:51,11,1401,1401,3222,36,100,4257
22:19:52,11,1401,1401,3222,36,100,4257
22:19:54,11,1401,1401,3222,36,100,4256
22:19:55,11,2208,1689,3222,36,100,4256
22:19:56,11,1401,2208,3222,36,100,4256
22:19:57,11,1401,1401,3222,36,100,4256
22:19:59,11,1401,1401,3222,36,100,4256
22:20:00,11,1401,1401,3222,36,100,4256
22:20:01,11,1401,1401,3222,36,100,4256
22:20:03,11,1401,1401,3222,36,100,4256
22:20:04,11,1401,1401,3222,36,100,4256
22:20:05,11,1401,1401,3222,36,100,4256
22:20:06,11,1401,1401,3222,36,100,4256
22:20:08,11,1401,1401,3222,36,100,4256
22:20:09,11,1401,1401,3222,36,100,4256
22:20:10,11,1401,1401,3222,36,100,4256
22:20:12,11,1401,1401,3222,35,100,4256
22:20:13,11,1401,1401,3222,35,100,4256
22:20:14,11,2208,2208,3222,35,100,4255
22:20:15,11,1401,1401,3222,35,100,4255
22:20:17,11,1401,1401,3222,35,100,4255
22:20:18,11,2208,2208,3222,35,100,4255
22:20:19,11,1401,1401,3222,35,100,4255
22:20:21,11,1401,1401,3222,35,100,4255
22:20:22,11,1401,1401,3222,35,100,4255
22:20:23,11,1401,1401,3223,35,100,4255
22:20:24,11,2208,2208,3223,35,100,4256
22:20:26,11,1401,1401,3223,35,100,4256
22:20:27,11,1401,1401,3223,35,100,4256
22:20:28,11,2208,1689,3222,35,100,4256
22:20:29,11,1401,2208,3223,35,100,4256
22:20:31,11,1401,1401,3223,35,100,4256
22:20:32,11,1401,1401,3223,35,100,4256
22:20:33,11,1401,1401,3223,35,100,4256
22:20:34,11,2208,2208,3222,35,100,4256
22:20:36,11,1401,1401,3222,35,100,4256
22:20:37,11,1401,1401,3222,35,100,4256
22:20:38,11,1401,1401,3222,35,100,4256
22:20:40,11,1401,1401,3223,35,100,4256
22:20:41,11,1401,1401,3223,35,100,4256
22:20:42,11,1401,1401,3223,35,100,4256
22:20:43,11,1401,1401,3223,35,100,4256
22:20:45,11,1401,1401,3223,35,100,4256
22:20:46,11,2208,2208,3223,35,100,4256
22:20:47,11,1401,1401,3223,35,100,4256
22:20:49,11,2208,2208,3223,35,100,4256
22:20:50,11,1401,1401,3223,35,100,4256
22:20:51,11,1401,1401,3223,35,100,4256
22:20:52,11,1401,1401,3223,35,100,4256
22:20:54,11,1401,1401,3223,35,100,4256
22:20:55,11,1401,1401,3224,35,100,4256
22:20:56,11,1401,1401,3224,35,100,4256
22:20:58,11,1401,1401,3224,35,100,4256
22:20:59,11,1401,1401,3224,35,100,4256
22:21:00,11,1401,1401,3224,35,100,4256
22:21:01,11,1401,1401,3223,35,100,4256
22:21:03,11,1401,1401,3224,35,100,4256
22:21:04,11,1401,1401,3224,35,100,4249
22:21:05,11,1401,1401,3224,35,100,4249
22:21:07,11,1401,1401,3224,35,100,4249
22:21:08,11,2208,2208,3224,35,100,4249
22:21:09,11,1401,1401,3224,35,100,4249
22:21:10,11,1401,1401,3224,35,100,4249
22:21:12,11,1401,1401,3224,35,100,4249
22:21:13,11,1401,1401,3224,35,100,4249
22:21:14,11,1401,1401,3224,35,100,4248
22:21:15,11,1401,2208,3224,35,100,4248
22:21:17,11,1401,1401,3224,35,100,4248
22:21:18,11,1401,1401,3224,35,100,4248
22:21:19,11,1401,1401,3224,35,100,4248
22:21:21,11,1401,1401,3224,35,100,4248
22:21:22,11,1401,1401,3224,35,100,4248
22:21:23,11,2208,2208,3224,35,100,4248
22:21:24,11,1401,1401,3224,35,100,4248
22:21:26,11,1401,1401,3224,35,100,4248
22:21:27,11,1401,2208,3224,35,100,4248
22:21:28,11,1401,1401,3224,35,100,4248
22:21:29,11,1401,1401,3224,35,100,4248
22:21:31,11,2208,2208,3224,35,100,4248
22:21:32,11,1401,1401,3224,35,100,4248
22:21:33,11,1401,1401,3224,35,100,4248
22:21:35,11,1401,1401,3224,35,100,4248
22:21:36,11,1401,1401,3224,35,100,4248
22:21:37,11,1401,1401,3224,35,100,4248
22:21:38,11,2208,2208,3224,35,100,4248
22:21:40,11,1401,1401,3224,35,100,4248
22:21:41,11,1401,2208,3224,35,100,4248
22:21:42,11,1401,1401,3225,35,100,4248
22:21:44,11,1401,1401,3224,35,100,4248
22:21:45,11,1401,1401,3224,35,100,4249
22:21:46,11,1401,1401,3224,35,100,4249
22:21:47,11,1401,1401,3224,35,100,4249
22:21:49,11,1401,1401,3224,35,100,4249
22:21:50,11,1401,2208,3225,35,100,4249
22:21:51,11,1401,1401,3225,35,100,4249
22:21:53,11,1401,1401,3225,35,100,4249
22:21:54,11,1401,2208,3225,35,100,4249
22:21:55,11,1401,2208,3225,35,100,4248
22:21:56,11,1401,1401,3224,35,100,4248
22:21:58,11,1401,1401,3225,35,100,4248
22:21:59,11,1401,1401,3225,35,100,4248
22:22:00,11,1401,1401,3224,35,100,4248
22:22:02,11,1401,1401,3225,35,100,4248
22:22:03,11,2208,2208,3225,35,100,4248
22:22:04,11,1401,1401,3225,35,100,4249
22:22:05,11,1401,1401,3225,35,100,4249
22:22:07,11,1401,1401,3225,35,100,4249
22:22:08,11,1401,1401,3225,35,100,4249
22:22:09,11,1401,2208,3225,35,100,4249
22:22:11,11,1401,1401,3225,35,100,4249
22:22:12,11,1401,1401,3225,35,100,4249
22:22:13,11,1401,1401,3225,35,100,4249
22:22:14,11,2208,2208,3225,35,100,4248
22:22:16,11,1401,1401,3225,35,100,4248
22:22:17,11,1401,1401,3225,35,100,4248
22:22:18,11,1401,1401,3225,35,100,4248
22:22:19,11,1401,1401,3225,35,100,4248
22:22:21,11,1401,1401,3225,35,100,4248
22:22:22,11,1401,1401,3225,35,100,4248
22:22:23,11,1401,1401,3226,35,100,4248
22:22:25,11,1401,1401,3226,35,100,4248
22:22:26,11,1401,1401,3226,35,100,4248
22:22:27,11,1401,1401,3226,35,100,4248
22:22:28,11,1401,1401,3226,35,100,4248
22:22:30,11,2208,2208,3226,35,100,4248
22:22:31,11,1401,1401,3226,35,100,4248
22:22:32,11,1401,1401,3226,35,100,4248
22:22:34,11,1401,1401,3226,35,100,4248
22:22:35,11,2208,2208,3226,35,100,4248
22:22:36,11,1401,1401,3226,35,100,4248
22:22:37,11,1401,1401,3226,35,100,4248
22:22:39,11,1401,1401,3226,35,100,4248
22:22:40,11,1401,1401,3226,34,100,4248
22:22:41,11,2208,2208,3226,34,100,4248
22:22:42,11,1401,1401,3227,34,100,4248
22:22:44,11,1401,1401,3228,34,100,4248
22:22:45,11,1401,1401,3228,34,100,4249
22:22:46,11,1401,1401,3228,34,100,4249
22:22:48,11,1401,1401,3228,34,100,4249
22:22:49,11,1401,2208,3228,34,100,4249
22:22:50,11,1401,1401,3228,34,100,4249
22:22:51,11,1401,1401,3228,34,100,4249
22:22:53,11,1401,1401,3228,34,100,4249
22:22:54,11,1401,1401,3228,34,100,4249
22:22:55,11,1401,1401,3228,34,100,4248
22:22:57,11,1401,1401,3228,34,100,4248
22:22:58,11,1401,1401,3228,34,100,4248
22:22:59,11,1401,1401,3228,34,100,4248
22:23:00,11,2208,2208,3228,34,100,4248
22:23:02,11,1401,1401,3228,34,100,4248
22:23:03,11,1401,1401,3228,34,100,4248
22:23:04,11,1401,1401,3229,34,100,4248
22:23:05,11,1401,1401,3215,34,100,4248
22:23:07,11,2208,2208,3215,34,100,4248
22:23:08,11,1401,1401,3215,34,100,4248
22:23:09,11,2208,2208,3215,34,100,4248
22:23:11,11,1401,1401,3215,34,100,4248
22:23:12,11,1401,1401,3215,34,100,4248
22:23:13,11,1401,1401,3215,34,100,4248
22:23:14,11,1401,1401,3215,34,100,4248
22:23:16,11,1401,1401,3215,34,100,4248
22:23:17,11,1401,1401,3215,34,100,4248
22:23:18,11,1401,1401,3215,34,100,4248
22:23:20,11,1401,1401,3216,34,100,4248
22:23:21,11,1401,1401,3215,33,100,4248
22:23:22,11,1401,1401,3215,33,100,4248
22:23:24,11,1401,1401,3216,33,100,4248
22:23:25,11,2208,2208,3216,33,100,4249
22:23:26,11,1401,1401,3216,33,100,4249
22:23:27,11,2208,2208,3216,33,100,4249
22:23:29,11,1401,1401,3216,33,100,4249
22:23:30,11,1401,1401,3216,33,100,4249
22:23:31,11,1401,1401,3216,33,100,4249
22:23:32,11,1401,2208,3216,33,100,4249
22:23:34,11,1401,1401,3216,33,100,4249
22:23:35,11,1401,1401,3217,33,100,4248
22:23:36,11,1401,1401,3216,33,100,4248
22:23:38,11,1401,1401,3217,33,100,4248
22:23:39,11,1401,1401,3216,33,100,4248
22:23:40,11,2208,2208,3217,33,100,4248
22:23:41,11,1401,2208,3217,33,100,4248
22:23:43,11,1401,1401,3215,33,100,4248
22:23:44,11,2208,2208,3215,33,100,4248
22:23:45,11,1401,1401,3216,33,100,4247
22:23:46,11,2208,2208,3216,33,100,4247
22:23:48,11,2208,2208,3216,33,100,4247
22:23:49,11,1401,1401,3216,33,100,4247
22:23:50,11,1401,1401,3216,33,100,4247
22:23:52,11,1401,1401,3216,33,100,4247
22:23:53,11,1401,1401,3216,33,100,4247
22:23:54,11,1401,1401,3216,33,100,4247
22:23:55,11,1401,1401,3216,33,100,4248
22:23:57,11,1401,1401,3216,33,100,4248
22:23:58,11,1401,1401,3216,33,100,4248
22:23:59,11,1401,1401,3216,33,100,4248
22:24:01,11,1401,1401,3216,33,100,4248
22:24:02,11,1401,1401,3216,33,100,4248
22:24:03,11,2208,2208,3216,33,100,4248
22:24:04,11,1401,1401,3216,33,100,4248
22:24:06,11,1401,1401,3218,33,100,4249
22:24:07,11,1401,1401,3218,33,100,4249
22:24:08,11,1401,1401,3218,33,100,4249
22:24:10,11,1401,1401,3218,33,100,4249
22:24:11,11,1401,1401,3218,33,100,4249
22:24:12,11,1401,1401,3218,33,100,4249
22:24:13,11,1401,1689,3218,33,100,4249
22:24:15,11,1401,1401,3218,33,100,4249
22:24:16,11,2208,2208,3219,33,100,4248
22:24:17,11,1401,1401,3219,33,100,4248
22:24:19,11,1401,1401,3219,33,100,4248
22:24:20,11,1401,2208,3219,33,100,4248
22:24:21,11,1401,2208,3219,33,100,4248
22:24:22,11,1401,1401,3219,33,100,4248
22:24:24,11,1401,1401,3219,32,100,4248
22:24:25,11,1401,1401,3219,32,100,4247
22:24:26,11,1401,1401,3220,32,100,4247
22:24:27,11,2208,2208,3220,32,100,4247
22:24:29,11,2208,2208,3220,32,100,4247
22:24:30,11,1401,1401,3220,32,100,4247
22:24:31,11,1401,2208,3219,32,100,4247
22:24:33,11,1401,2208,3219,32,100,4247
22:24:34,11,1401,1401,3220,32,100,4247
22:24:35,11,1401,1401,3220,32,100,4248
22:24:36,11,1401,1401,3220,32,100,4248
22:24:38,11,1401,1401,3220,32,100,4248
22:24:39,11,1401,1401,3220,32,100,4248
22:24:40,11,1401,1401,3220,32,100,4248
22:24:42,11,1401,1401,3220,32,100,4248
22:24:43,11,1401,1401,3220,32,100,4248
22:24:44,11,1401,2208,3220,32,100,4248
22:24:45,11,1401,1401,3220,32,100,4248
22:24:47,11,1401,1401,3220,32,100,4248
22:24:48,11,1401,1401,3220,32,100,4248
22:24:49,11,1401,1401,3220,32,100,4248
22:24:51,11,1401,1401,3221,32,100,4248
22:24:52,11,1401,1401,3220,32,100,4248
22:24:53,11,1401,2208,3221,32,100,4248
22:24:55,11,1401,1401,3221,32,100,4248
22:24:56,11,1401,1401,3221,32,100,4248
22:24:57,11,1401,2208,3221,32,100,4248
22:24:58,11,1401,1401,3221,32,100,4248
22:25:00,11,1401,1401,3221,32,100,4248
22:25:01,11,1401,1401,3221,32,100,4248
22:25:02,11,1401,1401,3221,32,100,4248
22:25:04,11,1401,1401,3221,32,100,4248
22:25:05,11,1401,1401,3221,32,100,4248
22:25:06,11,1401,1401,3221,32,100,4135
22:25:07,11,1401,1401,3221,32,100,4135
22:25:09,11,1401,2208,3221,32,100,4135
22:25:10,11,1401,1401,3222,32,100,4135
22:25:11,11,1401,1401,3221,32,100,4135
22:25:13,11,1401,1401,3222,32,100,4135
22:25:14,11,1401,1401,3222,32,100,4135
22:25:15,11,1401,1401,3222,32,100,4135
22:25:16,11,1401,1401,3222,32,100,4249
22:25:18,11,1401,1401,3222,32,100,4249
22:25:19,11,1401,1401,3222,32,100,4249
22:25:20,11,1401,1401,3221,32,100,4249
22:25:22,11,1401,1401,3222,32,100,4249
22:25:23,11,1401,1401,3222,32,100,4249
22:25:24,11,1401,1401,3222,32,100,4249
22:25:25,11,1401,1401,3222,32,100,4248
22:25:27,11,1401,1401,3222,32,100,4248
22:25:28,11,2208,2208,3222,32,100,4248
22:25:29,11,1401,1401,3222,32,100,4248
22:25:31,11,1401,1401,3222,32,100,4248
22:25:32,11,1401,1401,3222,32,100,4248
22:25:33,11,1401,1401,3222,32,100,4248
22:25:34,11,1401,1401,3222,32,100,4248
22:25:36,11,2208,2208,3222,32,100,4249
22:25:37,11,2208,2208,3222,32,100,4249
22:25:38,11,1401,1401,3222,32,100,4249
22:25:39,11,1401,1401,3222,32,100,4249
22:25:41,11,1401,1401,3222,32,100,4249
22:25:42,11,1401,1401,3222,32,100,4249
22:25:43,11,1401,1401,3222,32,100,4249
22:25:45,11,1401,1401,3222,32,100,4249
22:25:46,11,1401,2208,3222,32,100,4248
22:25:47,11,1401,2208,3222,32,100,4248
22:25:48,11,1401,1401,3222,32,100,4248
22:25:50,11,2208,2208,3222,32,100,4248
22:25:51,11,2208,2208,3222,32,100,4248
22:25:52,11,2208,2208,3222,32,100,4248
22:25:53,11,1401,1401,3222,32,100,4248
22:25:55,11,1401,2208,3223,32,100,4248
22:25:56,11,1401,2208,3222,32,100,4248
22:25:57,11,1401,1401,3222,32,100,4248
22:25:59,11,1401,1401,3222,32,100,4248
22:26:00,11,2208,2208,3223,32,100,4248
22:26:01,11,1401,1401,3223,32,100,4248
22:26:02,11,1401,1401,3223,32,100,4248
22:26:04,11,1401,1401,3222,32,100,4248
22:26:05,11,1401,1401,3222,32,100,4248
22:26:06,11,1401,2208,3222,32,100,4248
22:26:07,11,1401,1401,3222,32,100,4248
22:26:09,11,1401,1401,3222,32,100,4248
22:26:10,11,1401,1401,3222,32,100,4248
22:26:11,11,1401,1401,3222,32,100,4248
22:26:13,11,1401,2208,3223,32,100,4248
22:26:14,11,1401,1401,3223,32,100,4248
22:26:15,11,1401,1401,3223,32,100,4248
22:26:16,11,1401,1401,3223,32,100,4249
22:26:18,11,1401,1401,3223,32,100,4249
22:26:19,11,2208,2208,3223,32,100,4249
22:26:20,11,1401,1401,3223,32,100,4249
22:26:22,11,1401,1401,3223,32,100,4249
22:26:23,11,1401,1401,3223,32,100,4249
22:26:24,11,1401,1401,3223,32,100,4249
22:26:25,11,1401,2208,3223,32,100,4249
22:26:27,11,1401,1401,3223,32,100,4248
22:26:28,11,2208,2208,3223,32,100,4248
22:26:29,11,1401,1401,3223,32,100,4248
22:26:31,11,1401,1401,3223,32,100,4248
22:26:32,11,1401,1401,3223,32,100,4248
22:26:33,11,1401,1401,3223,32,100,4248
22:26:34,11,1401,1401,3223,32,100,4248
22:26:36,11,1401,1401,3223,32,100,4248
22:26:37,11,1401,1401,3223,32,100,4248
22:26:38,11,1401,1401,3223,32,100,4248
22:26:40,11,1401,1401,3223,32,100,4248
22:26:41,11,1401,1401,3223,32,100,4248
22:26:42,11,1401,1401,3223,32,100,4248
22:26:44,11,1401,1401,3223,32,100,4248
22:26:45,11,1401,1401,3223,32,100,4248
22:26:46,11,1401,1401,3223,32,100,4248
22:26:47,11,2208,2208,3222,32,100,4248
22:26:49,11,1401,1401,3222,32,100,4248
22:26:50,11,2208,2208,3223,32,100,4248
22:26:51,11,1401,1401,3223,32,100,4248
22:26:52,11,1401,1401,3223,32,100,4248
22:26:54,11,1401,1401,3223,32,100,4248
22:26:55,11,1401,1401,3223,32,100,4248
22:26:56,11,2208,2208,3224,32,100,4248
22:26:58,11,1401,1401,3223,32,100,4248
22:26:59,11,1401,1401,3223,32,100,4248
22:27:00,11,1401,1401,3223,32,100,4248
22:27:01,11,1401,1401,3223,32,100,4248
22:27:03,11,1401,1401,3223,32,100,4248
22:27:04,11,1401,1401,3223,32,100,4248
22:27:05,11,1401,1401,3223,31,100,4248
22:27:07,11,2208,2208,3224,31,100,4249
22:27:08,11,1401,1401,3223,31,100,4249
22:27:09,11,1401,1401,3224,31,100,4249
22:27:10,11,2208,2208,3223,31,100,4249
22:27:12,11,1401,1401,3224,31,100,4249
22:27:13,11,1401,1401,3224,31,100,4249
22:27:14,11,1401,1401,3224,31,100,4249
22:27:15,11,2208,2208,3223,31,100,4249
22:27:17,11,1401,1401,3223,31,100,4249
22:27:18,11,1401,1401,3223,31,100,4249
22:27:19,11,2208,2208,3224,31,100,4249
22:27:20,11,1401,2208,3224,31,100,4249
22:27:22,11,1401,1401,3224,31,100,4249
22:27:23,11,1401,1401,3224,31,100,4249
22:27:24,11,1401,1401,3223,31,100,4249
22:27:26,11,2208,2208,3224,31,100,4249
22:27:27,11,1401,1401,3224,31,100,4249
22:27:28,11,1401,2208,3224,31,100,4249
22:27:29,11,1401,2208,3224,31,100,4249
22:27:31,11,1401,1401,3224,31,100,4249
22:27:32,11,1401,1401,3224,31,100,4249
22:27:33,11,1401,1401,3224,31,100,4249
22:27:35,11,1401,1401,3224,31,100,4249
22:27:36,11,1401,1401,3224,31,100,4249
22:27:37,11,1401,1401,3224,31,100,4138
22:27:38,11,1401,2208,3224,31,100,4138
22:27:40,11,1401,1401,3223,31,100,4138
22:27:41,11,1401,2208,3223,31,100,4138
22:27:42,11,1401,1401,3224,31,100,4138
22:27:44,11,1401,1401,3223,31,100,4138
22:27:45,11,1401,2208,3223,31,100,4138
22:27:46,11,1401,2208,3224,31,100,4138
22:27:47,11,1401,2208,3224,31,100,4248
22:27:49,11,1401,1401,3224,31,100,4248
22:27:50,11,1401,1401,3224,31,100,4248
22:27:51,11,1401,1401,3224,31,100,4248
22:27:52,11,1401,1401,3224,31,100,4248
22:27:54,11,1401,1401,3224,31,100,4248
22:27:55,11,1401,1401,3224,31,100,4248
22:27:56,11,1401,1401,3224,31,100,4248
22:27:58,11,1401,1401,3224,31,100,4247
22:27:59,11,1401,1401,3224,31,100,4247
22:28:00,11,1401,1401,3224,31,100,4247
22:28:01,11,1401,1401,3224,31,100,4247
22:28:03,11,1401,1401,3224,31,100,4247
22:28:04,11,1401,1401,3224,31,100,4247
22:28:05,11,1401,1401,3224,31,100,4247
22:28:07,11,2208,2208,3224,31,100,4249
22:28:08,11,2208,2208,3225,31,100,4249
22:28:09,11,1401,1401,3224,31,100,4249
22:28:10,11,1401,1401,3224,31,100,4249
22:28:12,11,2208,2208,3227,31,100,4249
22:28:13,11,1401,2208,3228,31,100,4249
22:28:14,11,1401,1401,3227,31,100,4249
22:28:15,11,1401,1401,3227,31,100,4249
22:28:17,11,1401,2208,3228,31,100,4248
22:28:18,11,1401,2208,3227,31,100,4248
22:28:19,11,1401,1401,3227,31,100,4248
22:28:21,11,1401,1401,3228,31,100,4248
22:28:22,11,1401,1401,3228,31,100,4248
22:28:23,11,1401,1401,3228,31,100,4248
22:28:24,11,1401,1401,3228,31,100,4248
22:28:26,11,1401,1401,3229,31,100,4248
22:28:27,11,1401,1401,3228,31,100,4249
22:28:28,11,1401,1401,3228,31,100,4249
22:28:30,11,1401,1401,3229,31,100,4249
22:28:31,11,1401,1401,3228,31,100,4249
22:28:32,11,1401,1401,3228,31,100,4249
22:28:33,11,1401,2208,3229,31,100,4249
22:28:35,11,1401,1401,3229,31,100,4249
22:28:36,11,1401,1401,3229,31,100,4249
22:28:37,11,1401,1401,3229,31,100,4249
22:28:39,10,1401,1401,3229,31,100,4249
22:28:40,10,1401,1401,3229,31,100,4249
22:28:41,10,1401,1401,3229,31,100,4249
22:28:42,10,1401,1401,3229,31,100,4249
22:28:44,10,1401,2208,3228,31,100,4249
22:28:45,10,1401,1401,3228,31,100,4249
22:28:46,10,1401,1401,3228,31,100,4249
22:28:48,10,1401,1401,3228,31,100,4249
22:28:49,10,1401,1401,3228,31,100,4249
22:28:50,10,1401,1401,3228,31,100,4249
22:28:51,10,1401,1401,3229,31,100,4249
22:28:53,10,1401,1401,3228,31,100,4249
22:28:54,10,1401,1401,3228,31,100,4249
22:28:55,10,2208,2208,3229,31,100,4249
22:28:57,10,1401,1401,3229,31,100,4249
22:28:58,10,1401,1401,3229,31,100,4248
22:28:59,10,1401,1401,3229,31,100,4248
22:29:01,10,2208,2208,3229,31,100,4248
22:29:02,10,2208,2208,3229,31,100,4248
22:29:03,10,2208,2208,3229,31,100,4248
22:29:04,10,1401,2208,3229,31,100,4248
22:29:06,10,1401,1401,3229,31,100,4248
22:29:07,10,1401,1401,3229,31,100,4248
22:29:08,10,1401,1401,3229,31,100,4248
22:29:09,10,1401,1401,3229,31,100,4248
22:29:11,10,1401,1401,3229,31,100,4248
22:29:12,10,1401,1401,3229,31,100,4248
22:29:13,10,1401,1401,3229,31,100,4248
22:29:15,10,1401,1401,3229,31,100,4248
22:29:16,10,1401,1401,3229,31,100,4248
22:29:17,10,1401,2208,3229,31,100,4248
22:29:19,10,1401,1401,3229,31,100,4248
22:29:20,10,1401,1401,3229,31,100,4248
22:29:21,10,1401,1401,3230,31,100,4248
22:29:22,10,1401,1401,3230,31,100,4248
22:29:24,10,2208,2208,3230,31,100,4248
22:29:25,10,1401,1401,3230,31,100,4248
22:29:26,10,1401,1401,3230,31,100,4248
22:29:27,10,1401,1401,3230,31,100,4247
22:29:29,10,1401,1401,3230,31,100,4247
22:29:30,10,1401,2208,3230,31,100,4247
22:29:31,10,1401,1401,3230,31,100,4247
22:29:33,10,2208,1689,3230,31,100,4247
22:29:34,10,1401,1401,3230,31,100,4247
22:29:35,10,1401,1401,3230,31,100,4247
22:29:37,10,1401,1401,3231,31,100,4247
22:29:38,10,1401,1401,3230,31,100,4249
22:29:39,10,1401,1401,3231,31,100,4249
22:29:40,10,1401,1401,3230,31,100,4249
22:29:42,10,1401,1401,3230,31,100,4249
22:29:43,10,1401,1401,3231,31,100,4249
22:29:44,10,2208,2208,3230,31,100,4249
22:29:45,10,1401,1401,3230,31,100,4249
22:29:47,10,1401,1401,3230,31,100,4249
22:29:48,10,1401,1401,3230,31,100,4249
22:29:49,10,1401,1401,3230,31,100,4249
22:29:51,10,2208,1689,3230,31,100,4249
22:29:52,10,1401,1401,3230,31,100,4249
22:29:53,10,1401,1401,3230,31,100,4249
22:29:55,10,1401,1401,3231,31,100,4249
22:29:56,10,1401,2208,3230,31,100,4249
22:29:57,10,1401,1401,3230,31,100,4249
22:29:58,10,1401,1401,3230,31,100,4249
22:30:00,10,1401,2208,3230,31,100,4249
22:30:01,10,1401,1401,3230,31,100,4249
22:30:02,10,1401,1401,3230,31,100,4249
22:30:03,10,1401,1401,3231,31,100,4249
22:30:05,10,1401,1401,3231,31,100,4249
22:30:06,10,1401,1401,3231,31,100,4249
22:30:07,10,1401,2208,3231,31,100,4249
22:30:09,10,1401,1401,3231,31,100,4140
22:30:10,10,1401,1401,3232,31,100,4140
22:30:11,10,1401,2208,3231,31,100,4140
22:30:12,10,1401,1401,3232,31,100,4140
22:30:14,10,1401,1401,3232,31,100,4140
22:30:15,10,1401,1401,3232,31,100,4140
22:30:16,10,1401,1401,3232,31,100,4140
22:30:18,10,2208,2208,3232,31,100,4249
22:30:19,10,1401,1401,3232,31,100,4249
22:30:20,10,1401,1401,3232,31,100,4249
22:30:21,10,1401,2208,3232,31,100,4249
22:30:23,10,1401,1401,3232,31,100,4249
22:30:24,10,1401,1401,3232,31,100,4249
22:30:25,10,1401,1401,3232,31,100,4249
22:30:27,10,1401,1401,3232,31,100,4249
22:30:28,10,1401,1401,3232,31,100,4248
22:30:29,10,1401,1401,3232,31,100,4248
22:30:30,10,2208,2208,3234,31,100,4248
22:30:32,10,1401,1401,3234,31,100,4248
22:30:33,10,1401,1401,3234,31,100,4248
22:30:34,10,1401,1401,3234,31,100,4248
22:30:35,10,1401,1401,3234,31,100,4248
22:30:37,10,1401,1401,3234,31,100,4248
22:30:38,10,1401,1401,3235,31,100,4248
22:30:39,10,1401,1401,3235,31,100,4248
22:30:41,10,1401,2208,3234,31,100,4248
22:30:42,10,1401,1401,3235,31,100,4248
22:30:43,10,1401,1401,3235,31,100,4248
22:30:44,10,1401,1401,3235,31,100,4248
22:30:46,10,1401,1401,3235,31,100,4248
22:30:47,10,1401,1401,3235,31,100,4248
22:30:48,10,1401,2208,3235,31,100,4248
22:30:50,10,1401,2208,3235,31,100,4248
22:30:51,10,1401,1401,3235,31,100,4248
22:30:52,10,2208,2208,3235,31,100,4248
22:30:53,10,1401,1401,3235,31,100,4248
22:30:55,10,1401,1401,3235,31,100,4248
22:30:56,10,1401,1401,3235,31,100,4248
22:30:57,10,1401,1401,3235,31,100,4248
22:30:59,10,1401,1689,3235,31,100,4248
22:31:00,10,1401,1401,3235,31,100,4248
22:31:01,10,1401,1401,3235,31,100,4248
22:31:03,10,1401,1401,3235,31,100,4248
22:31:04,10,1401,1401,3235,31,100,4248
22:31:05,10,1401,2208,3235,31,100,4248
22:31:06,10,2208,2208,3235,31,100,4248
22:31:08,10,1401,1401,3235,31,100,4248
22:31:09,10,1401,1401,3235,31,100,4248
22:31:10,10,1401,1689,3235,31,100,4248
22:31:12,10,1401,1401,3235,31,100,4248
22:31:13,10,2208,2208,3236,31,100,4248
22:31:14,10,2208,2208,3236,31,100,4248
22:31:15,10,1401,1401,3236,31,100,4248
22:31:17,10,1401,1401,3236,31,100,4248
22:31:18,10,1401,1401,3236,31,100,4248
22:31:19,10,1401,1401,3236,31,100,4247
22:31:20,10,1401,2208,3237,31,100,4247
22:31:22,10,1401,1401,3236,31,100,4247
22:31:23,10,1401,1401,3237,31,100,4247
22:31:24,10,2208,1689,3237,31,100,4247
22:31:26,10,1401,2208,3237,31,100,4247
22:31:27,10,1401,1401,3237,31,100,4247
22:31:28,10,1401,1401,3237,31,100,4248
22:31:29,10,1401,1401,3236,31,100,4248
22:31:31,10,1401,1401,3236,31,100,4248
22:31:32,10,1401,1401,3236,31,100,4248
22:31:33,10,1401,1401,3237,31,100,4248
22:31:35,10,1401,1401,3237,31,100,4248
22:31:36,10,1401,1401,3237,31,100,4248
22:31:37,10,1401,1401,3237,31,100,4248
22:31:38,10,1401,1401,3237,31,100,4248
22:31:40,10,1401,2208,3237,31,100,4248
22:31:41,10,1401,1401,3237,31,100,4248
22:31:42,10,1401,1401,3237,31,100,4248
22:31:44,10,1401,2208,3237,31,100,4248
22:31:45,10,1401,1401,3237,31,100,4248
22:31:46,10,1401,1401,3237,31,100,4248
22:31:47,10,1401,1401,3237,31,100,4248
22:31:49,10,2208,2208,3237,31,100,4247
22:31:50,10,2208,2208,3237,31,100,4247
22:31:51,10,2208,1804,3237,31,100,4247
22:31:52,10,1401,1401,3237,31,100,4247
22:31:54,10,1401,2208,3237,31,100,4247
22:31:55,10,1401,1401,3237,31,100,4247
22:31:56,10,1401,1401,3237,31,100,4247
22:31:57,10,2208,2208,3237,31,100,4247
22:31:59,10,1401,1401,3237,31,100,4247
22:32:00,10,1401,1401,3237,31,100,4247
22:32:01,10,2208,2208,3238,31,100,4247
22:32:03,10,1401,1401,3237,31,100,4247
22:32:04,10,1401,1401,3237,31,100,4247
22:32:05,10,2208,2208,3238,31,100,4247
22:32:06,10,1401,1401,3237,31,100,4247
22:32:08,10,2208,2208,3237,31,100,4247
22:32:09,10,2208,2208,3237,31,100,4248
22:32:10,10,1401,1401,3238,31,100,4248
22:32:11,10,2208,2208,3238,31,100,4248
22:32:13,10,1401,1401,3238,31,100,4248
22:32:14,10,1401,1401,3238,31,100,4248
22:32:15,10,1401,1401,3238,31,100,4248
22:32:17,10,1401,1401,3238,31,100,4248
22:32:18,10,1401,1401,3238,31,100,4248
22:32:19,10,1401,1401,3238,31,100,4248
22:32:20,10,2208,1689,3238,31,100,4248
22:32:22,10,1401,1401,3238,31,100,4248
22:32:23,10,1401,1401,3237,31,100,4248
22:32:24,10,1401,1401,3238,31,100,4248
22:32:26,10,2208,2208,3238,31,100,4248
22:32:27,10,1401,1401,3238,31,100,4248
22:32:28,10,2208,2208,3238,31,100,4248
22:32:29,10,2208,2208,3237,31,100,4248
22:32:31,10,1401,1401,3238,31,100,4248
22:32:32,10,1401,1401,3238,31,100,4248
22:32:33,10,1401,1401,3238,31,100,4248
22:32:35,10,1401,1401,3237,31,100,4248
22:32:36,10,1401,2208,3233,31,100,4248
22:32:37,10,2208,2208,3233,31,100,4248
22:32:38,10,1401,1401,3233,31,100,4248
22:32:40,10,1401,1401,3217,31,100,4142
22:32:41,10,1401,2208,3211,31,100,4142
22:32:42,10,1401,1401,3212,31,100,4142
22:32:43,10,2208,2208,3212,31,100,4142
22:32:45,10,1401,1401,3212,31,100,4142
22:32:46,10,2208,2208,3212,31,100,4142
22:32:47,10,1401,1401,3212,31,100,4142
22:32:49,10,1401,1401,3212,31,100,4248
22:32:50,10,1401,2208,3205,31,100,4248
